{"roomSizeX":24,"roomSizeY":24,"assetAddresses":["RandomEnemySpawn"],"tilesRLE":[],"objects":[{"index":0,"position":{"x":-3.200000047683716,"y":-2.799999952316284},"rotation":{"x":0.0,"y":0.0,"z":0.0,"w":1.0}},{"index":0,"position":{"x":1.600000023841858,"y":3.490000009536743},"rotation":{"x":0.0,"y":0.0,"z":0.0,"w":1.0}},{"index":0,"position":{"x":2.0899999141693117,"y":-0.3199999928474426},"rotation":{"x":0.0,"y":0.0,"z":0.0,"w":1.0}}]}