{"roomSizeX":18,"roomSizeY":18,"assetAddresses":[],"tilesRLE":[],"objects":[{"tableId":10000001,"index":0,"position":{"x":-0.44760727882385256,"y":1.1501456499099732},"rotation":{"x":0.0,"y":0.0,"z":0.0,"w":1.0}}]}