{"roomSizeX":12,"roomSizeY":12,"assetAddresses":[],"tilesRLE":[],"objects":[{"tableId":10000002,"index":0,"position":{"x":1.629645824432373,"y":4.373469352722168},"rotation":{"x":0.0,"y":0.0,"z":0.0,"w":1.0}},{"tableId":10000002,"index":0,"position":{"x":-1.6653075218200684,"y":-0.5689603090286255},"rotation":{"x":0.0,"y":0.0,"z":0.0,"w":1.0}},{"tableId":10000002,"index":0,"position":{"x":-1.7369370460510255,"y":1.3650339841842652},"rotation":{"x":0.0,"y":0.0,"z":0.0,"w":1.0}}]}